Text,Category
The prime minister addressed the nation on the economic crisis.,Political
The state elections are expected to bring about significant changes.,Political
The regional football team won the state championship for the third consecutive year.,Regional
There is a heated debate over the new labor laws.,Political
The city council is planning a new park for recreational activities.,Regional
The public library is hosting a reading program for children in the area.,Regional
The basketball game ended with a buzzer-beater shot.,Sports
The tennis match was interrupted by rain delays.,Sports
The tennis match was very exciting and thrilling today.,Sports
The local community center is offering new workshops for kids.,Regional
Several political parties are coming together for a coalition government.,Political
The race car driver claimed victory in the Grand Prix.,Sports
The cricket match yesterday was a nail-biting finish.,Sports
There is a heated debate over the new labor laws.,Political
The baseball pitcher threw a perfect game in the championship series.,Sports
The basketball game ended with a buzzer-beater shot.,Sports
Government officials are planning a crackdown on illegal immigration.,Political
The city's infrastructure is being upgraded to handle the growing population.,Regional
The baseball team clinched the playoffs spot with a dramatic win.,Sports
Fans gathered to watch the local soccer teams championship game.,Sports
Government officials are planning a crackdown on illegal immigration.,Political
The local community center is offering new workshops for kids.,Regional
The Formula 1 season opener was filled with excitement.,Sports
The mayor announced plans to build a new community center in the region.,Regional
The towns annual fair attracted visitors from nearby cities.,Regional
The race car driver claimed victory in the Grand Prix.,Sports
The Supreme Court will hear the case regarding election transparency.,Political
The mayor announced plans to build a new community center in the region.,Regional
The prime minister addressed the nation on the economic crisis.,Political
The boxing match ended in a controversial knockout.,Sports
Several political parties are coming together for a coalition government.,Political
The national parliament is set to vote on the new climate change bill.,Political
The basketball game ended with a buzzer-beater shot.,Sports
The rugby team celebrated their victory with a grand parade.,Sports
The prime minister announced plans for nationwide job creation.,Political
Local artisans are showcasing their crafts at the regional exhibition.,Regional
Local businesses are collaborating to support the region?s economic growth.,Regional
The regional train service is expanding to nearby towns.,Regional
The rugby team celebrated their victory with a grand parade.,Sports
Politicians are debating the new healthcare reform proposal.,Political
The new policy on taxation will affect small businesses.,Political
The president's speech focused on national security issues.,Political
The city's infrastructure is being upgraded to handle the growing population.,Regional
Campaigning for the mayoral election is gaining momentum.,Political
The baseball pitcher threw a perfect game in the championship series.,Sports
A landmark treaty was signed to promote international cooperation.,Political
The mayor announced plans to build a new community center in the region.,Regional
The public library is hosting a reading program for children in the area.,Regional
The Olympic Games are set to begin next month in Paris.,Sports
Politicians are debating the new healthcare reform proposal.,Political
The volleyball team won the regional championship.,Sports
The political party is planning a nationwide rally next week.,Political
The local community center is offering new workshops for kids.,Regional
The volleyball team won the regional championship.,Sports
The swimmer set a new world record in the 100-meter freestyle.,Sports
The race car driver claimed victory in the Grand Prix.,Sports
The prime minister addressed the nation on the economic crisis.,Political
The local festival in the town square was vibrant and colorful.,Regional
The regional tourism campaign is bringing visitors from around the world.,Regional
The political party is planning a nationwide rally next week.,Political
The election campaign is heating up in the local district.,Political
The new policy on taxation will affect small businesses.,Political
Several political parties are coming together for a coalition government.,Political
The cyclist finished first in the national championship.,Sports
Politicians are debating the new healthcare reform proposal.,Political
The state elections are expected to bring about significant changes.,Political
The national parliament is set to vote on the new climate change bill.,Political
The regional tourism campaign is bringing visitors from around the world.,Regional
The government has proposed new policies to tackle inflation.,Political
The government has proposed new policies to tackle inflation.,Political
The Formula 1 season opener was filled with excitement.,Sports
The golfer made history by winning the prestigious tournament.,Sports
The regional train service is expanding to nearby towns.,Regional
There is a heated debate over the new labor laws.,Political
The national parliament is set to vote on the new climate change bill.,Political
The prime minister addressed the nation on the economic crisis.,Political
There was a nationwide protest against rising fuel prices.,Political
The community garden project has been successful in promoting local produce.,Regional
The footballer broke a record for the most goals in a season.,Sports
The city council is planning a new park for recreational activities.,Regional
The tennis player won her fifth Grand Slam title.,Sports
The regional market is growing rapidly with the influx of new businesses.,Regional
The government has proposed new policies to tackle inflation.,Political
Government officials are planning a crackdown on illegal immigration.,Political
The city's infrastructure is being upgraded to handle the growing population.,Regional
Local artisans are showcasing their crafts at the regional exhibition.,Regional
The community garden project has been successful in promoting local produce.,Regional
The local community center is offering new workshops for kids.,Regional
The election campaign is heating up in the local district.,Political
The football match was delayed due to heavy rain.,Sports
The political party is planning a nationwide rally next week.,Political
The new policy on taxation will affect small businesses.,Political
Politicians are debating the new healthcare reform proposal.,Political
A landmark treaty was signed to promote international cooperation.,Political
The cricket match yesterday was a nail-biting finish.,Sports
The baseball team clinched the playoffs spot with a dramatic win.,Sports
The Olympic Games are set to begin next month in Paris.,Sports
The ice hockey team secured a spot in the finals.,Sports
The tennis player won her fifth Grand Slam title.,Sports
The Olympic Games are set to begin next month in Paris.,Sports
A new shopping mall is opening in the city center.,Regional
There was a nationwide protest against rising fuel prices.,Political
The regional market is growing rapidly with the influx of new businesses.,Regional
The cyclist finished first in the national championship.,Sports
The golfer made history by winning the prestigious tournament.,Sports
The town's water supply project was completed last week.,Regional
The town's water supply project was completed last week.,Regional
The city council is planning a new park for recreational activities.,Regional
The football match was delayed due to heavy rain.,Sports
There was a nationwide protest against rising fuel prices.,Political
The regional football team won the state championship for the third consecutive year.,Regional
The regional train service is expanding to nearby towns.,Regional
The public library is hosting a reading program for children in the area.,Regional
There is a heated debate over the new labor laws.,Political
The prime minister announced plans for nationwide job creation.,Political
The election campaign is heating up in the local district.,Political
The towns annual fair attracted visitors from nearby cities.,Regional
The town's water supply project was completed last week.,Regional
The rugby team celebrated their victory with a grand parade.,Sports
The senator discussed the environmental impact of industrialization.,Political
The city council is planning a new park for recreational activities.,Regional
The regional football team won the state championship for the third consecutive year.,Regional
The national parliament is set to vote on the new climate change bill.,Political
The baseball team clinched the playoffs spot with a dramatic win.,Sports
Local businesses are collaborating to support the region?s economic growth.,Regional
The town's water supply project was completed last week.,Regional
The president's speech focused on national security issues.,Political
The mayor announced plans to build a new community center in the region.,Regional
The new policy on taxation will affect small businesses.,Political
The local community center is offering new workshops for kids.,Regional
Several political parties are coming together for a coalition government.,Political
The swimmer set a new world record in the 100-meter freestyle.,Sports
The regional football team won the state championship for the third consecutive year.,Regional
Campaigning for the mayoral election is gaining momentum.,Political
The towns annual fair attracted visitors from nearby cities.,Regional
The ice hockey team secured a spot in the finals.,Sports
A new shopping mall is opening in the city center.,Regional
The swimmer set a new world record in the 100-meter freestyle.,Sports
The new policy on taxation will affect small businesses.,Political
The town's water supply project was completed last week.,Regional
Local artisans are showcasing their crafts at the regional exhibition.,Regional
The political party is planning a nationwide rally next week.,Political
The national budget was approved after heated discussions.,Political
The political party is planning a nationwide rally next week.,Political
Local businesses are collaborating to support the region?s economic growth.,Regional
The town's water supply project was completed last week.,Regional
The political party is planning a nationwide rally next week.,Political
The Supreme Court will hear the case regarding election transparency.,Political
The senator discussed the environmental impact of industrialization.,Political
